epoch,train_loss_depth,train_loss_mask,train_loss,val_loss_depth,val_loss_mask,val_loss
0,0.04571332411764294,0.16806974308994677,0.21378306821895587,0.0442009105794901,0.15235546908195743,0.19655637966144754
1,0.04223374738239442,0.15428318497176893,0.19651693332155706,0.040384462097753114,0.14721522429699743,0.1875996870980502
2,0.04073520565947586,0.15193081148345283,0.19266601542800346,0.037920543226168925,0.14461643787260253,0.1825369818020711
3,0.04147152147008149,0.15106480238579245,0.19253632451546057,0.03856720931410438,0.14481455597553985,0.18338176423469477
4,0.04030497172625467,0.14871179921211064,0.18901676887166055,0.03817826210573359,0.1421849804993576,0.1803632443633403
5,0.040321674878110926,0.1488235525344404,0.18914522785227575,0.037693229748436134,0.14123564272855235,0.17892887177368885
6,0.040556857657142335,0.14921778411893377,0.18977464199593833,0.03870903003883924,0.14298267350435961,0.18169170283989922
7,0.04049567712799995,0.14770041247304186,0.1881960893811796,0.03829494953858817,0.14071621937034404,0.17901116908475712
8,0.04005232414870366,0.14616573679187736,0.1862180605008566,0.038425167753281496,0.14004182745221794,0.17846699520549944
9,0.04028180805531343,0.14532283222222409,0.18560464071726193,0.03865552229867221,0.1398806775917346,0.17853619989040678
10,0.0400332377784501,0.14546601001031723,0.18549924756890512,0.03832954432057068,0.13920727099640884,0.1775368153169795
11,0.039944305713657785,0.14531825222858244,0.18526255868977173,0.038782234388818435,0.14020520536597147,0.17898743975478992
12,0.040369604004128576,0.14484368756616833,0.1852132923178284,0.038022290992174176,0.13824841195503168,0.17627070294720584
13,0.039936926786154674,0.1443834790265327,0.18432040585665982,0.03829140262266176,0.13924913631427957,0.1775405399918908
14,0.03986335275622586,0.14389868039391834,0.18376203112741188,0.0391251244376191,0.14015370413968697,0.17927882945643062
15,0.04011751944972158,0.14385524230529267,0.18397276219473865,0.038341281864143754,0.1377767391261098,0.17611802081442865
16,0.04002339239271749,0.14383151407217196,0.18385490690461387,0.03774624799205139,0.13672974819982298,0.17447599759847365
17,0.03997035951730467,0.14351404007841678,0.18348439862832774,0.03831055171370155,0.13694882252223373,0.17525937353263563
18,0.03977920766335842,0.14278245403158932,0.1825616612112509,0.03792048872044656,0.136362480202959,0.17428296997835502
19,0.040033544002534366,0.1431163119812462,0.18314985593980812,0.0377753987073195,0.13719445203257874,0.17496985038824842
20,0.03984022307598208,0.14284426310281392,0.1826844871461897,0.037989429492162746,0.13711327085804448,0.17510269947108265
21,0.039652868286352325,0.14255915229850835,0.18221201979335672,0.03782098219457981,0.13708995928806542,0.17491094201011995
22,0.03977512772432424,0.14272269653860645,0.18249782518635196,0.03767563459795836,0.1363640176159794,0.17403964940073918
23,0.03971061571107848,0.1429058113295141,0.18261642730442723,0.03817362665778416,0.13941882634233232,0.17759245053856773
24,0.03982075300220193,0.1430676441621798,0.18288839615301555,0.03774677827998248,0.1365784466442457,0.17432522562752784
25,0.03999009096327852,0.1433510497151948,0.18334114133805993,0.03837210203694031,0.13640912162870783,0.1747812226106987
26,0.04004918394472185,0.14269231580272015,0.18274149935169,0.03797711155055899,0.13559013552370325,0.17356725006328572
27,0.03998293906549209,0.14176705542282617,0.1817499943124285,0.03807444505635264,0.13524411702226397,0.173318563309391
28,0.03977742458084596,0.14098902638659447,0.18076645074757822,0.0376583297344084,0.13524621004200263,0.17290453502913844
29,0.03953676472638903,0.1417774204309028,0.18131418590482334,0.03741935502111384,0.13501447210621342,0.1724338278306269
30,0.03994905975022381,0.14193334283972964,0.1818824020183117,0.03766672836292458,0.134976993971518,0.17264372338939205
31,0.03970306722584003,0.1411062864657479,0.18080935448309188,0.03787675596619778,0.13503197090464003,0.1729087266950129
32,0.03969032968466944,0.1407442602975832,0.18043458791554787,0.037267758782985994,0.13386942433044974,0.1711371824101361
33,0.04010510638119857,0.14137131910137654,0.18147642521874047,0.038000765979114184,0.1338272460442377,0.1718280153640252
34,0.039422979877251005,0.14008145911013759,0.17950443920725082,0.038117703083342155,0.13496126397169445,0.17307896600008715
35,0.03977279032521123,0.14072845255655805,0.1805012431016315,0.03840512722994374,0.1346845823754955,0.17308971101203852
36,0.03964205594662589,0.14061017055785863,0.1802522268122916,0.03814144489687804,0.13425250742639414,0.17239395355404655
37,0.03978207783257552,0.1403785119501703,0.18016058824371034,0.03762913418378802,0.13376308050127508,0.17139221574001257
38,0.03974513381400789,0.14045088724736488,0.180196020885483,0.03763661412714505,0.1339067625085161,0.1715433773389608
39,0.03964065709530933,0.13976901345304,0.17940967015259734,0.03767332935755232,0.1337089622970176,0.17138229077544537
40,0.039601049709918096,0.13984960033989446,0.1794506489505015,0.03770300192115581,0.13487338949445427,0.17257638948153606
41,0.03999108992920991,0.14038529988805643,0.18037638915767973,0.03719805370038238,0.1337702232124531,0.1709682737479871
42,0.03966118334316759,0.14049355669770897,0.1801547395571797,0.0373714211064454,0.13400326858227934,0.17137469091949914
43,0.03949660838903514,0.1400486795896096,0.17954528749494789,0.037371901284276914,0.13368892036708055,0.17106082094805783
44,0.03994617317928594,0.14037483462281264,0.18032100850565766,0.03833837688496682,0.13447209797074308,0.17281047714143377
45,0.039681299635951524,0.1398510732408029,0.17953237261291977,0.03744530607465446,0.13330043803977404,0.1707457441144285
46,0.03981773574516721,0.14006396898349155,0.17988170552016272,0.037805672240468255,0.1334648983316787,0.17127056881389788
47,0.040116129876590224,0.14113701229735698,0.18125314265764406,0.03792792207020222,0.1343657618778645,0.17229368412389165
48,0.03993729100988959,0.14113018601550162,0.18106747834456446,0.038319751576336436,0.13621651880157382,0.17453627178450953
49,0.03961637894283226,0.14044497629585675,0.18006135616211028,0.03769352161778813,0.13371717050715534,0.1714106942348424
50,0.03948379380814662,0.14047298814836176,0.17995678195650838,0.037699001025309604,0.1334136432602694,0.1711126428789797
51,0.03963565681306958,0.13995719527635395,0.1795928509021676,0.038517445413763896,0.1340527984596635,0.1725702454558516
52,0.03955531700736524,0.13944953097403598,0.17900484789345636,0.03748003395609448,0.13358598824447587,0.1710660211456209
53,0.03997679294936554,0.13955698766113867,0.17953377937927584,0.038121870133729106,0.13397456059413673,0.17209643107951567
54,0.0400289828290978,0.13981194286845963,0.17984092582947475,0.03744949686140438,0.13239161525152426,0.16984111369535282
55,0.039824438816240815,0.13975946474937176,0.17958390374150235,0.03837180542031572,0.13361803831252378,0.17198984320536476
56,0.0399802112350689,0.13952516128725778,0.1795053731819133,0.037719578517925074,0.13280446339497523,0.1705240401546512
57,0.03987444810258731,0.13934719989063202,0.17922164715774294,0.03847674247437874,0.13564317908610565,0.17411992261543385
58,0.039794466496393364,0.13954829483707643,0.17934276168524932,0.03831994850023658,0.133365468641298,0.1716854171415346
59,0.03980319207992469,0.1395443151552094,0.17934750683938214,0.03748734405258764,0.1322626174375371,0.16974996184177454
60,0.03981627928995198,0.13946876504772135,0.179285043810004,0.03789869311284878,0.1329228730328315,0.17082156262918208
61,0.03971677515085489,0.13990589509103538,0.17962267090147688,0.037857115796182006,0.13424928139093,0.1721063968354622
62,0.04006564260980204,0.1399393795777493,0.18000502148399225,0.03800362876031251,0.13336310625779593,0.17136673378733408
63,0.039534445224059814,0.13906518756046105,0.17859963340013504,0.03712702448037521,0.13143506021977877,0.16856208593092836
64,0.0399267258832306,0.1390056552063799,0.17893238095769315,0.03824166597518246,0.1329598869897623,0.1712015554264935
65,0.03967345763466447,0.1388212819241897,0.17849473942693683,0.03803750969315701,0.13377977050511183,0.17181727879166955
66,0.03981973042306932,0.13919802936228912,0.17901775960946867,0.037417864377519726,0.13281647715948325,0.17023434118535316
67,0.039690268562975424,0.1387201537509019,0.17841042314935374,0.03790092186941861,0.13391494469656706,0.17181586797258494
68,0.03981613105885088,0.1387782012435705,0.17859433208255915,0.0380772937715581,0.1336185010836891,0.1716957964376714
69,0.039853166188317794,0.13917612281948472,0.17902928918369226,0.03737342340053007,0.13301897400600016,0.17039239652740568
70,0.03964228539482688,0.13851798042429633,0.17816026533542634,0.038033280049101795,0.1339586800881895,0.1719919601372913
71,0.03971441809606042,0.13888799884758152,0.17860241738336635,0.038060734757279925,0.1331130733883838,0.17117380884896338
72,0.039754935798940516,0.13906313176086493,0.17881806843925427,0.03757925177745763,0.13233335250246842,0.16991260551070042
73,0.03964147322382799,0.13912380018695084,0.17876527371858592,0.03720708846342599,0.132501729470087,0.16970881881263755
74,0.03981209566390018,0.13923900534595698,0.17905109951479414,0.038115776921443884,0.1330044522749639,0.17112023007553234
75,0.039575241052633894,0.1388752920431477,0.17845053305180913,0.037192873546859156,0.13217459386077252,0.1693674681109313
76,0.039936092760852235,0.1394017853450177,0.1793378782817597,0.03751627762409086,0.13224386465584634,0.16976014280741195
77,0.03992751426513852,0.13925039403247727,0.1791779082976158,0.038438670754784326,0.13318161204852888,0.17162028315496303
78,0.039744498500169666,0.1388387764480799,0.17858327459647003,0.03750229655465545,0.13190534473520465,0.16940764199315975
79,0.039838065304293575,0.13925792017971533,0.1790959858797609,0.03801102079121412,0.1344251864779312,0.17243620779662006
80,0.03952946182723768,0.13806667067564005,0.17759613127164936,0.03729361313282564,0.1326352276984921,0.16992884047966791
81,0.0395630008837518,0.1391025138314647,0.17866551537480313,0.037622450551452184,0.1320939922051444,0.16971644258077165
82,0.039720626257302265,0.13869784072684607,0.17841846729195546,0.03794883099277463,0.13267100736454876,0.17061983941227285
83,0.03951081944672835,0.1387404259259918,0.17825124572449969,0.037120889597586124,0.13323821149392817,0.17035910232228868
84,0.039956928574700325,0.13922867709884165,0.17918560593737662,0.037939367216948565,0.13328705213766182,0.17122641847548584
85,0.039947508314534426,0.1395644037013826,0.17951191205988948,0.037975708467770465,0.13213354366718844,0.1701092523107838
86,0.0396561068566863,0.13921505373283224,0.17887116006184925,0.0375874766909619,0.13293317004291005,0.17052064603057232
87,0.039707707417754395,0.13872034617430695,0.17842805433959286,0.037049210528708486,0.13247531212888283,0.16952452336089097
88,0.03981767563483936,0.13932135763840234,0.17913903384488344,0.03773180432727555,0.13262460084088082,0.17035640305825742
89,0.039638016242375895,0.13928048437435836,0.17891850008906496,0.038165805614100094,0.13327261409928312,0.1714384211199825
90,0.03968539078795835,0.13846956184102968,0.17815495240912582,0.03798926755741986,0.13294273984115734,0.17093200739857722
91,0.04003509310768434,0.13942147092773483,0.17945656201268684,0.03845352743227573,0.1346331964903525,0.1730867233951535
92,0.039874217774937486,0.13918980598801486,0.17906402424664922,0.037429211062316,0.13264199273776164,0.1700712066132762
93,0.03956639212640349,0.1387368745357073,0.178303266881973,0.03772295347708868,0.13401499751043178,0.17173795081169557
94,0.03992617270991355,0.13923888433379733,0.17916505743946284,0.03757660824992312,0.1323068549851049,0.16988346499327714
95,0.039773166729312505,0.13894439825313376,0.1787175650264187,0.03750429884874012,0.13360721664091127,0.17111151478635175
96,0.03991578030700571,0.13931248013008482,0.17922826131653935,0.03802311174285799,0.1328560855887984,0.17087919662835677
97,0.0398963017465443,0.13998000008819816,0.1798763004276243,0.03765433094846112,0.13302162192915745,0.17067595287761858
98,0.03953038212647081,0.13912734999422743,0.1786577326043951,0.03708542237239602,0.13264301744534202,0.16972843805948892
99,0.03992904573733936,0.1395718934394389,0.17950094005622708,0.03812655323022938,0.1323102638784763,0.17043681693288076
100,0.03964034014194929,0.13913756619956122,0.17877790541808924,0.03867950024506336,0.1338376787911474,0.17251718009116024
101,0.0396944145486171,0.1392220828155889,0.17891649670461937,0.0380802063112062,0.13270212978036705,0.17078233538827362
102,0.03957978103135354,0.13943162926533528,0.1790114103406613,0.03769120477293796,0.13348097998132397,0.1711721842267872
103,0.03978240292083729,0.13927731448897837,0.1790597167062566,0.037799558632493374,0.13207013979773957,0.16986969860605786
104,0.04022690582345746,0.13962948748828827,0.17985639181668273,0.03779452757849454,0.13231142924598535,0.17010595805525427
105,0.039816071212357675,0.13898519148733376,0.1788012618202426,0.037508160139607116,0.13211695212530175,0.16962511208908396
106,0.03968990838470515,0.13833862738783445,0.17802853586048448,0.03752196696655589,0.1322043392158891,0.16972630424837096
107,0.03946879595155339,0.13850634813044882,0.177975143466388,0.03742674757949019,0.13327787829711374,0.17070462499747938
108,0.03981002275902422,0.13878940014503222,0.1785994230359738,0.03776989503596033,0.13190315677001413,0.16967305039937516
109,0.039881581487975756,0.1383841230349539,0.17826570527046115,0.03721381148054185,0.13152613400709665,0.1687399475975374
110,0.03957246326951688,0.1385052092442078,0.1780776713704412,0.03779291034096462,0.13254349280950944,0.17033640402959863
111,0.0398091758937688,0.13891917794712,0.17872835410472346,0.03809225330662235,0.13122423630548438,0.16931648873298216
112,0.0394137022636861,0.13869118611340328,0.17810488925653822,0.03837097904323477,0.1348100489219733,0.17318102884433262
113,0.03963027076059846,0.13805116300255732,0.177681433587266,0.03730808528123704,0.1312684689299547,0.168576555617791
114,0.03990871521081928,0.1387444307600955,0.1786531450474935,0.038450472650274764,0.13242924178244442,0.170879712850295
115,0.03962710505260044,0.13861943698377902,0.17824654137679283,0.03811893174781912,0.1339630454690759,0.17208197827184446
116,0.039656739092453604,0.13866491627315014,0.1783216554535486,0.03743081353055341,0.13229910743623358,0.16972992061513714
117,0.039839124820277245,0.13858917303869794,0.17842829812280986,0.038077525860440414,0.13214845854272533,0.1702259817657921
118,0.03974170708559572,0.1386593581565145,0.17840106475841336,0.03757741598956353,0.13231414890570625,0.16989156559856944
119,0.04005822964762903,0.13903622942100985,0.17909445950836328,0.03771025592950241,0.13207538359988052,0.16978563741948402
120,0.03968982787116433,0.1381220349699138,0.1778118632368301,0.037632727693315805,0.13239139652533516,0.17002412492195063
121,0.03971658980701296,0.13839524190657168,0.17811183197741928,0.037824339922902156,0.1313261198083208,0.16915046078617244
122,0.039475447794732374,0.13840183460681652,0.17787728262141111,0.03789968089719789,0.13270701911948776,0.17060670036833547
123,0.03955395359783672,0.13783748965120896,0.17739144342493546,0.03790498219408468,0.1321716097603857,0.17007658966874653
124,0.03956435066182338,0.13838241479353727,0.1779467654113882,0.03789571885865698,0.13246522540539768,0.170360943560755
125,0.03955507058580174,0.1376963061012935,0.17725137642326058,0.03773169267845716,0.13208490205725384,0.16981659385658646
126,0.03985387137436594,0.13829210278557835,0.17814597394008208,0.03755163847520991,0.13215545145107932,0.16970709010211416
127,0.03947368287283835,0.13797406752757682,0.1774477503124703,0.03779278392285372,0.13208124982220584,0.16987403515165886
128,0.039662611480130346,0.13904703661596057,0.17870964787622873,0.03796777489614346,0.1321537677517331,0.17012154458195058
129,0.03957827629439728,0.1378936150205043,0.1774718908312047,0.0378402594619796,0.13251491493180087,0.17035517509708012
130,0.039717386323822594,0.1376986371683749,0.17741602261274866,0.03820833150616086,0.13215623984997954,0.1703645725869148
131,0.039847549368472436,0.1386628706751605,0.17851041964788095,0.03792392205348057,0.13167524478428483,0.16959916455204158
132,0.039575401332184026,0.13785619605559346,0.17743159765161215,0.03800476511671128,0.1314160359644257,0.16942080213608643
133,0.03963768908740937,0.13814699988398593,0.17778468967495437,0.03769268205383886,0.1320947904502396,0.16978747162495392
134,0.03969951750650832,0.1379887546748967,0.17768827218140504,0.037533426179295094,0.13174037244115958,0.16927379844462978
135,0.03978566356533702,0.1380251467953481,0.1778108110642442,0.037896799302734104,0.13271996334942393,0.1706167589598349
136,0.03969661646863711,0.1379879735484417,0.1776845901050237,0.03751352807413512,0.13204900986325424,0.16956253811321428
137,0.03970924104460488,0.1378095365458861,0.1775187763592626,0.03842659263835896,0.1320394344386098,0.17046602637366912
138,0.03990153908421746,0.13849166643571167,0.178393206003626,0.037296230814098254,0.13028501479674934,0.1675812459624974
139,0.03956407508653101,0.13687724303777082,0.17644131926758533,0.03764973699519065,0.13251183025956506,0.17016156795805534
140,0.03962291795272574,0.1379001510842442,0.17752306877313528,0.037560169851533785,0.13199571170638094,0.16955588208538944
141,0.03973021378863654,0.13861292589638605,0.17834314074036117,0.03768954129345649,0.1313058675917904,0.16899540853359707
142,0.03980905140778623,0.13734996419953754,0.17715901600307576,0.03800723580835843,0.13234591554399788,0.1703531510007065
143,0.03937131859024087,0.13726557387236255,0.1766368928583554,0.037533271453373554,0.1304049695839221,0.16793823945487144
144,0.03957368807790905,0.13755077015909487,0.17712445788522438,0.03764505653606404,0.13111502934346156,0.16876008728612488
145,0.03954636830766453,0.13794967337579844,0.1774960422551047,0.03794018216541031,0.13185829398906337,0.1697984782643726
146,0.03968393666328253,0.13747332026623396,0.17715725816074485,0.037628630093768635,0.13155087819844924,0.16917950987464206
147,0.03967235304692802,0.13766865499870048,0.17734100773782144,0.03786039844726743,0.13172841775382163,0.16958881901428763
148,0.03969353250540829,0.1375894381172408,0.17728297009497979,0.037890249297330515,0.13152528160792887,0.16941553020195976
149,0.03993504736002237,0.13852191384715465,0.1784569628781298,0.0380121896752214,0.1315996393693232,0.16961182816542003
150,0.039459964966079224,0.13792289503822905,0.17738285930074918,0.03739305548259994,0.13153783831976157,0.16893089485731097
151,0.039446430600291904,0.13780370861434796,0.17725013780752172,0.037508919879046865,0.13236662349869718,0.16987554443269354
152,0.03991621303980485,0.13827927039585092,0.17819548339168334,0.03736083328196433,0.13177472300234094,0.16913555646013018
153,0.039526704403361194,0.13692730794925612,0.17645401217672754,0.03769255176757993,0.1322836643826645,0.16997621615024444
154,0.03961121042203041,0.13770133109604552,0.1773125413861586,0.037434588315564274,0.1309748385156502,0.16840942771033904
155,0.039683909796120624,0.13787309853452812,0.17755700916612513,0.03840316730966258,0.13149610451892413,0.16989926954286289
156,0.03970261496927676,0.1370545327113766,0.17675714763668093,0.03757438547140026,0.1304386527137419,0.16801303677854285
157,0.03959584653883216,0.13705252440201757,0.17664837072098752,0.037567113177262926,0.131645848969091,0.1692129616188792
158,0.03957020765914551,0.13733997911335752,0.17691018615688886,0.037332704988552755,0.13005622579636475,0.1673889286750186
159,0.03969858137719616,0.13787323414553843,0.17757181521492751,0.037762792940336694,0.13198539781711094,0.16974819093327256
160,0.03963604451808838,0.13751452824850444,0.17715057259070305,0.037571300447514624,0.1306237485204826,0.16819504791304776
161,0.03970995748759811,0.13738188801634932,0.17709184581175452,0.038406880555954655,0.13489322113779795,0.17330010310035188
162,0.039465533811990645,0.1376335328023665,0.1770990685491446,0.03803784252971323,0.1322903183005904,0.17032816135777837
163,0.039936788492825406,0.13812547361485766,0.17806226342685633,0.03781705233199758,0.13252737247838384,0.17034442586533088
164,0.03982588005699121,0.13749913859745533,0.17732501865444655,0.03795398354178685,0.1319334000612782,0.16988738237229067
165,0.039833889153556866,0.13858244208909629,0.17841633163840512,0.0379096399717978,0.13184569789245065,0.16975533645764918
166,0.039774211690417956,0.13808930663330798,0.17786351784002907,0.03778538819962898,0.12992308836067673,0.16770847427458185
167,0.03956621795156177,0.1368377564886495,0.17640397400048685,0.03727281093597412,0.13006425466509344,0.16733706595271738
168,0.03943440950211455,0.1369806289321072,0.1764150371150485,0.03764234303021501,0.13152933824027183,0.1691716821496114
169,0.03996398993322921,0.13831823930138815,0.17828222905872756,0.038060096864503394,0.1336272212959672,0.17168731886377026
170,0.04001858317073708,0.1380704350684323,0.1780890173157481,0.0377441140051085,0.13080503033325735,0.16854914240429184
171,0.03984688041571628,0.1376719423784448,0.17751882138704295,0.03757569571863585,0.12998114504293706,0.16755684005827326
172,0.03965194029194189,0.13749038649854164,0.17714232652664888,0.03781171288110514,0.1313167413075765,0.16912845594693074
173,0.03957629740260176,0.13723545169443366,0.17681174944881495,0.037354440288206114,0.13098104443170328,0.16833548559903394
174,0.03951375254050958,0.13786142402713653,0.17737517784284693,0.03734902294687817,0.13114833058157502,0.16849735423175283
175,0.039539339532714976,0.13746095451205825,0.17700029448449767,0.03810658514675489,0.13220368303732183,0.17031026941485108
176,0.039648980902640504,0.1379381369418739,0.1775871176246522,0.038184817913359245,0.13289127940625217,0.17107609802291104
177,0.039845348503791025,0.1379821239824622,0.17782747345364697,0.03805023818592758,0.13157540718011096,0.16962564378361436
178,0.039902025067643544,0.13798855222577497,0.17789057742533584,0.037300825998143106,0.1302366692759646,0.1675374950982828
179,0.03948891804869964,0.13707971133151559,0.17656862792912464,0.03753009429723464,0.13080866639241356,0.16833876156877275
180,0.039795581725460716,0.13815269449108072,0.17794827700804539,0.03713793300949367,0.12993476313475663,0.16707269702337485
181,0.03989724565897864,0.13873914949395305,0.17863639576854587,0.03760553144775661,0.13198528247596944,0.1695908163852748
182,0.03961726032645445,0.13808759417053695,0.17770485436507408,0.03758220704255906,0.13048891753925335,0.16807112370268784
183,0.0399466462787866,0.1376354795503071,0.17758212587306615,0.03794922431310018,0.13270070278539067,0.17064992375781754
184,0.039645365400535953,0.13797047920044125,0.17761584534850872,0.03757051714753683,0.13254784271780368,0.17011836004116543
185,0.039644124058505696,0.13780032607823972,0.17744445026866276,0.03796621005443697,0.13064501137860055,0.1686112212572126
186,0.03961698373979592,0.13763773111521385,0.17725471445925778,0.03828863566603984,0.13187982832084363,0.1701684631077589
187,0.03934576347805573,0.13667860280891397,0.17602436659477683,0.03768415718303669,0.13119917703589154,0.16888333632882718
188,0.03955428756853172,0.1369328270183635,0.17648711463086766,0.03798823282781955,0.1327731454618561,0.17076137846550055
189,0.03945512795351564,0.13753764983781894,0.1769927769558582,0.03794675397310285,0.1328038480077873,0.17075060391496416
190,0.0398155572184862,0.13787782258188888,0.1776933810755759,0.038067997732696986,0.13227070397683652,0.17033870241283317
191,0.03998668907929592,0.13785026153485655,0.17783695109784933,0.03762011612411094,0.13068404661870636,0.16830416203951765
192,0.039810857927610147,0.1374838043516828,0.17729466289490714,0.03791076859190049,0.1317791608230906,0.169689929590816
193,0.03950640004044395,0.1372173638943595,0.17672376340713417,0.03803142632706679,0.13358476661299534,0.1716161927642372
194,0.03964579074596488,0.13799518291820947,0.17764097260883574,0.03763574906858371,0.1306481312158185,0.1682838816910015
195,0.0394919709673846,0.13739922336000043,0.17689119393163305,0.03817844091966792,0.13270903688616456,0.17088747727835776
196,0.039542807111525524,0.1376773682259757,0.17722017463394216,0.03773757454919956,0.13127033970700605,0.16900791320125613
197,0.039885315144031264,0.13807637855954735,0.17796169387946836,0.0372883677482605,0.13164686383047638,0.16893523140291197
198,0.03975475045509859,0.1381676852241384,0.17792243493170545,0.0382495547114572,0.13140529657887146,0.1696548518178034
199,0.03996590998989768,0.13826211111785652,0.178228020887892,0.037870750842192887,0.13244858955563346,0.1703193377604527
200,0.03989256101092568,0.13878782733873615,0.17868039037239417,0.0373145959018606,0.13030462138420712,0.1676192199234414
201,0.03957509510809977,0.13748056850764023,0.17705566317601557,0.037434246687762504,0.1306307154067498,0.16806496279781194
202,0.03963202574472065,0.13751367870093006,0.1771457043137334,0.037548979826733074,0.1303708989359988,0.16791988052098097
203,0.03977622382537943,0.13792954683743558,0.1777057700472008,0.0377710167988915,0.13205431977556167,0.16982533587115353
204,0.03977285184265722,0.1378817952281652,0.17765464663109803,0.03777521532193749,0.13141150319822417,0.16918672010258587
205,0.039693777431908765,0.13665466456341155,0.1763484410279266,0.03738343082698046,0.1306235881681639,0.1680070179401949
206,0.039805178886759725,0.13790652867130404,0.17771170703039446,0.038035089463259265,0.131779158009892,0.1698142476489762
207,0.04008363564926423,0.13719971599459252,0.1772833521275536,0.037432847297297116,0.12930263319550012,0.1667354831301709
208,0.039656840624821575,0.13765477659252903,0.1773116169095435,0.03745251806084737,0.12930546116336608,0.16675798027916292
209,0.039675580887986214,0.1374507919531034,0.177126373676566,0.03767890599624949,0.13110840637071997,0.16878731342191894
210,0.03954315277889003,0.13642256359295932,0.17596571720732573,0.037140950340788625,0.1298606402754432,0.16700158920963254
211,0.03960375885205355,0.13703348116872935,0.1766372404165349,0.03733349954132485,0.1297186342312523,0.16705213535500135
212,0.03976380688728155,0.13679232416184614,0.17655613131296236,0.03752426042669291,0.13020358887393918,0.16772785017975664
213,0.03987690699755684,0.13748853262039798,0.17736543953000994,0.03780947304756592,0.13095510111445874,0.16876457574444886
214,0.03952401271828511,0.13721733962157168,0.1767413530873883,0.03756996787051536,0.13108272890074063,0.16865269765038055
215,0.039722973330352455,0.1369247508638242,0.17664772379842467,0.03740991480582583,0.1302489896791171,0.16765890430911803
216,0.039665073453170795,0.1365318015157319,0.17619687400150896,0.037892419328380125,0.13295870685296074,0.17085112653299067
217,0.039497974041158186,0.13681595284135875,0.17631392723429648,0.037910555492108554,0.13072972030414592,0.16864027737867868
218,0.03946709276696757,0.1368314439808034,0.17629853547257016,0.03811247668786738,0.13203441498905508,0.17014689150109755
219,0.03980891632444522,0.13743778560839645,0.1772467019768141,0.03770126934248438,0.12929746253652208,0.1669987295932826
220,0.0399982247217165,0.13767541110053882,0.1776736342832199,0.037457273069736174,0.13039554747859988,0.16785282089998588
221,0.03993381362522453,0.13681858626294954,0.17675239861297326,0.0371369297525524,0.12979552105816416,0.16693245344809024
222,0.0394845499142823,0.13740201244403497,0.17688656345762832,0.037805712680197744,0.1311614872080035,0.1689672005915009
223,0.03981677877291768,0.13750057280261505,0.1773173509159461,0.03750090208728757,0.13081369639146292,0.16831459900622522
224,0.039361327523808776,0.13658799266780008,0.17594931935613245,0.037976311723039564,0.13084378917660333,0.1688201012512927
225,0.03954820411313464,0.13663371151903378,0.1761819152803889,0.03733041029764136,0.13086963121869924,0.16820004134051567
226,0.039552314876850486,0.1370669559815061,0.17661927011082507,0.03758371948844212,0.13106733226494804,0.16865105192921506
227,0.039873697361089526,0.1370890007736673,0.17696269804681197,0.03718599738624595,0.1305369395422021,0.16772293833504737
228,0.03960103453942569,0.13700903196345393,0.17661006579932054,0.037622845630026845,0.1307545988257304,0.16837744586235653
229,0.03989730941901916,0.13700888843740408,0.17690619732875396,0.03761974988082165,0.1298259275149455,0.1674456779232419
230,0.039846861331676565,0.13668671378962716,0.17653357485746907,0.03749677125683225,0.13065165263713285,0.16814842336649036
231,0.039909920451474866,0.13685804889106257,0.17676796943048234,0.03768383102782708,0.13025435304219743,0.16793818459749926
232,0.03936096272843212,0.13647974711509261,0.17584070953571765,0.037965532952705314,0.1310847747994032,0.1690503095103576
233,0.039752667128753943,0.13571162401464582,0.1754642906597029,0.037747879295574174,0.13101417125150516,0.16876205089872917
234,0.03973491668525282,0.13648799740050122,0.1762229141297265,0.037658013777043614,0.1309431935481969,0.16860120767689032
235,0.03979929409885442,0.1366699673249158,0.17646926111596312,0.03763720401972093,0.13085279985163414,0.16849000334388034
236,0.03977110081605478,0.1370078323952433,0.1767789340467745,0.03740772842305951,0.13045910888716886,0.1678668362552789
237,0.03970659394758472,0.13666062001503074,0.17636721479809184,0.03752067377433664,0.13047050093479212,0.16799117259922985
238,0.039759879048923336,0.13661207531880118,0.17637195502731115,0.0378150303455229,0.13007556302005915,0.16789059231063258
239,0.03985932945369663,0.13680281158920057,0.17666214148262163,0.03783070513632445,0.13094569518502835,0.16877639961805316
240,0.03988462820654644,0.13626609733297304,0.17615072580335414,0.03801553316172597,0.130773628004181,0.1687891616933817
241,0.039501488758426274,0.13643905396217,0.17594054210498208,0.037516912879493734,0.12988433795692647,0.16740125189136967
242,0.039964527936053866,0.1370571293720061,0.17702165770381195,0.037698964102078326,0.12898240187878454,0.16668136844241163
243,0.03966126196589342,0.13615064751130107,0.17581190864171808,0.03769955540125349,0.1300390927137527,0.1677386500490802
244,0.039664510166192136,0.13610063589441518,0.1757651465882766,0.03787994279270678,0.13073262493167304,0.16861256737273
245,0.03970207701042454,0.13648279106339947,0.1761848674142374,0.03845195538174789,0.13208722224277733,0.17053917656957576
246,0.03964480536751798,0.13622805026570442,0.17587285550130508,0.038010959955794975,0.131671536988565,0.16968249430698631
247,0.039956070672362023,0.13638852698826692,0.17634459818829826,0.03785519912882892,0.12941629978056152,0.16727149732696622
248,0.039499531193265,0.13605555059812202,0.17555508214316654,0.037892733000021064,0.13165353392429407,0.16954626657266533
249,0.0399240170049298,0.1361597480478431,0.1760837652726351,0.037558365184648904,0.12943426908644956,0.1669926333919739
250,0.03974932799344571,0.13594194673955418,0.17569127605217316,0.03747479683530014,0.12961787530454563,0.16709267495304433
251,0.03942055673187661,0.13619424161415,0.17561479847794395,0.037201709627753515,0.12951911726532433,0.16672082636560312
252,0.039414207990738526,0.13605517947071374,0.17546938794514913,0.037563479403830556,0.13003898299900832,0.16760246310613852
253,0.039668813001533486,0.13525047376119795,0.17491928601519993,0.03752282692619481,0.13007315843857847,0.1675959843098238
254,0.039784406964869484,0.13646040627631872,0.17624481275749135,0.037794206522207344,0.13022248653535645,0.1680166911234898
255,0.0397157228903241,0.13611553622013262,0.1758312589785394,0.03803667575560488,0.13031262212095007,0.16834929840402968
256,0.039851394142888207,0.13588666317868348,0.175738057453489,0.03802720705668131,0.1311439855963783,0.16917119546625817
257,0.03972768220722082,0.13589244309231524,0.17562012512364628,0.03800499157919644,0.1310527057422649,0.16905769837641083
258,0.03965572829793538,0.13658459711584908,0.1762403251059774,0.03755291689813665,0.1287592990560166,0.16631221630580306
259,0.03953812615715767,0.13563760133389396,0.17517572801872092,0.0380913864898119,0.12933479860468952,0.16742618527032632
260,0.0397861706115627,0.13659669868359484,0.17638286933912997,0.03765099080262986,0.13007902747410238,0.16773001634265822
261,0.03963056810224949,0.1360181485186288,0.17564871741238225,0.03752914748008976,0.12954922763295582,0.1670783754646954
262,0.03934795216237078,0.1355362031698139,0.1748841555520469,0.037744789700240866,0.13007747036869197,0.1678222611238823
263,0.0398331319041377,0.13595602777073718,0.17578915941104023,0.03756677506595938,0.1290742619551037,0.16664103561446378
264,0.0398246640430874,0.13540245729458372,0.1752271219532853,0.03739172782869817,0.1290444188413367,0.16643614754915942
265,0.03978246307513759,0.1356064837957739,0.17538894722269102,0.03780788359037191,0.12847135622592804,0.16627923858552557
266,0.03953740320624306,0.1360114119405546,0.17554881554254964,0.03782921343778087,0.13019602418297513,0.16802523902735528
267,0.03989837509114467,0.13581649617751293,0.17571487236796865,0.03782164241712002,0.13071712983393036,0.16853877295435002
268,0.03946642262695549,0.1351214988958963,0.17458792271010773,0.0374050636207108,0.12977058978910644,0.1671756544647667
269,0.039640730309424825,0.13641498168866514,0.1760557129654837,0.037469429604071784,0.12892384515047778,0.16639327299630044
270,0.03984604643438629,0.13596719553971018,0.17581324083081298,0.03779127077367102,0.1287619912870514,0.16655326241237223
271,0.03935405122798468,0.13494333434658973,0.17429738553060195,0.03785025282243712,0.13074468722385643,0.16859493846386936
272,0.03928005405124902,0.13553471690128316,0.17481477090855974,0.037655052182245394,0.13104105277047395,0.16869610249117062
273,0.039730083981988525,0.13573854306402877,0.17546862880491498,0.03742980904283777,0.1296726278850814,0.16710243253229642
274,0.039531527828440285,0.135543136040868,0.17507466281396972,0.03781338480018233,0.12810389271176317,0.16591727839107007
275,0.03977977745825846,0.13591687312560607,0.175696649836333,0.037178323332187346,0.1298078808460967,0.16698620382663423
276,0.03947622645873067,0.13510275080563705,0.17457897766011968,0.03742342677439912,0.12922624922783327,0.16664967494728292
277,0.03937864329972332,0.13566137389123595,0.1750400163994553,0.037712189476046945,0.1298053883521606,0.16751757765238265
278,0.03970875963431274,0.13626022859500897,0.17596898734987287,0.038234156844890226,0.130339700563819,0.16857385635375977
279,0.039542736491784095,0.13590506740444835,0.17544780345650804,0.03796588073437896,0.13006135566396348,0.16802723358514388
280,0.03947562051848352,0.13561658514508987,0.17509220570754583,0.037034110157890654,0.12836220763777562,0.16539631621324208
281,0.039644104974465987,0.13563564543968548,0.17527974922689551,0.037667445552735906,0.13008188498055337,0.16774933035746437
282,0.0394937139470302,0.13531380076111132,0.1748075161592321,0.03760596415286219,0.13121697614326588,0.16882293976865334
283,0.039782622079486914,0.13615794359472394,0.17594056532243132,0.038300945695522615,0.13072493013027495,0.16902587406754846
284,0.0398141202870351,0.13565053222189086,0.17546465193728422,0.0375259063236833,0.1296459854879914,0.16717189040507538
285,0.03963158527277177,0.13549937800875628,0.1751309630176934,0.03832897992260688,0.1306178485397744,0.16894682600083252
286,0.03982187909246238,0.13594666814856843,0.17576854653747176,0.03773288529882741,0.13001015404332703,0.1677430400454541
287,0.03972881036418604,0.1357762170691017,0.17550502813684682,0.037603089063920105,0.1280727738124431,0.16567586234888848
288,0.03965016982952021,0.13636326306159097,0.1760134336386427,0.03757636438077178,0.13036222021839963,0.16793858407169668
289,0.03946255846069291,0.13473707756315462,0.17419963514439868,0.03785066073623027,0.12953665966832884,0.16738731952543456
290,0.03968254937671815,0.13558605437523236,0.17526860274058434,0.0378160114485254,0.12994751536389015,0.1677635257574661
291,0.03964603035179991,0.13605576184173213,0.17570179144600054,0.03796443562943675,0.1293969977218493,0.16736143528536007
292,0.039844865026794116,0.13528268269532195,0.17512754653486015,0.0377516728938505,0.12949788113259283,0.1672495515648946
293,0.03972524784887378,0.1355247895069467,0.17525003581678503,0.03731743266097212,0.12898365867524725,0.16630109151204428
294,0.039614886825966776,0.13512445683410712,0.17473934480335737,0.03693540240459386,0.1281077967280835,0.16504319930850228
295,0.03980600442538091,0.13567711145224406,0.17548311719679824,0.03757366845741385,0.12916473442122647,0.16673840323029016
296,0.03986006893824933,0.13518642543735032,0.17504649406779257,0.037267362825286775,0.12741386081616787,0.16468122645465322
297,0.03962918415759068,0.13520432028635013,0.1748335042240786,0.037584681954004065,0.12806245429677598,0.16564713677825477
298,0.03971907556914439,0.13551853803284974,0.1752376127225453,0.037853393758644396,0.1297608054844679,0.16761419977058703
299,0.03981248477603711,0.13487911628911697,0.1746916002296777,0.03763363055423298,0.1296096009842414,0.1672432331208986
